0,1,2,3,4,5,6,7,8,9,10,11,12,13,14,15,16,17,18,19
-5.423291242486622,-12.26835827115239,9.001118851706204,5.399600302336631,7.3005660359838185,5.206106831056981,-5.437921646697105,1.6952076706925048,-1.0748137886867561,-4.465451328562151,-7.407808881589563,4.784250105705871,0.2087794178829064,-0.9346577646651042,-1.1826520703259475,-2.172225295219805,-4.224231421459079,2.0742537304839717,-2.7637921755941424,-1.168640610842501
-8.732758341940382,-12.595388104291404,6.331775358353258,3.0144361358503375,5.376271557326146,4.944681589173467,-2.2586019955595993,8.151304809613357,-0.9690695165997627,-4.014436073206101,1.7829527129753409,-3.2567139700928185,2.587141133014932,5.3486688834367415,-2.1003492782544355,-3.5433192840754963,-2.730880451109677,-2.1883442289103336,-2.571893152630052,-1.9944950249726567
-9.245028520350672,-0.9776456651380188,8.713793800269967,3.317061078866835,10.590714151968013,6.288281024546962,-8.927086863730826,-5.893253638024285,-0.43026238622713847,-7.731270328251197,-1.5381211999746403,2.2041476452251567,1.6463934131787372,-1.0508802326311615,0.7881072348436228,0.9497198178283788,0.5051080075124714,-3.234365550823077,0.3548982899659328,1.3872354412470254
-11.73438451332197,1.3496045511761465,3.5527825247335874,5.424966030316516,14.81980669790326,9.287035762170149,0.4842555475322773,11.35085803965141,5.76865035843423,-0.05412239178777556,-0.17985302774989656,-0.8609811790283398,7.427152301040254,-5.4403969863262445,3.354457463419904,4.036876348185243,1.693673763440397,2.046857601114704,2.0430051839488383,-0.07242404631437148
-9.475291172222713,-4.863391389806621,6.210098263046625,6.940831311395544,13.068938518028045,8.203733456569646,-1.112157158501215,11.481280704067691,7.111996101386823,1.6452883627524613,-3.493451537915283,-0.5292630580918216,5.316265181885736,-4.536020031561872,4.066508525670024,2.5214341731914787,0.8800657293889592,1.9842081163562493,0.494094271819263,-0.39503106881486766
-9.584946400120293,0.7171634186014835,5.962028044830535,2.6696318253600224,11.073703364509873,6.664632690188366,-8.405005302315006,-4.051252911568487,-0.9571834545789202,-7.924047818091813,-3.059275077131073,4.928584932043498,-1.559881916674621,1.2274565906723398,-1.2394540305432722,0.9087767591604521,-0.37116068239250066,-1.504793204306811,0.44453191552118415,0.5269907866064918
-11.064357672883421,4.881785161397565,0.012946813714039123,8.988333867483817,13.11813596980896,9.084092483707147,4.031175661384666,15.798683914001378,1.4564754769566568,-1.421606075725311,-3.924467826713011,3.665744367640069,8.175301345159248,-5.7023996513556305,0.8540037087336805,-0.6296949937621316,-1.1830725077302056,3.5704985763971027,0.7981873122978399,-0.230570297350207
-9.311326383179216,-1.6915424192508501,8.034457226204943,3.674301670934682,10.826493150561127,5.278759027169722,-8.884398709652633,-4.172490204562408,-0.5921772651282488,-6.532772360231371,-3.3738881348611396,3.8252702969900128,-0.557571845969268,0.19799958088054886,-0.34349360782835514,0.02408269485441261,-0.48606083780461873,-3.3069608533182366,-0.7637833686376891,1.0061367228797833
-7.456383587740902,-8.937636484896062,6.571885142802126,5.175606119403274,9.915183304736715,3.603459990617023,2.956199390075786,10.94475974940758,2.35025713127041,0.4029632810274415,-1.7382106121517236,-1.4847373680428093,2.9729464109437376,-1.0013150130436956,1.541465771243978,-3.686525137902004,-0.7058161132179317,1.3340161649824491,-2.579697267658027,-1.747746597067508
-9.652687580086846,-2.0619334663748363,7.881493344272482,3.389667736376322,10.26826072012354,6.95904947552518,-8.747547137565661,-5.245044291791824,2.4548795664352077,-8.307161586344659,-3.055512843673407,3.02577609105711,-1.0627459564530741,0.19851307031864585,0.08940453605047831,0.7209782283282085,-1.259242269140882,-2.1704860954306806,-1.378936145753789,-0.08864951308925746
-8.158223751219163,-9.227164328235723,6.497297227681547,1.273579751660955,9.288033721652639,0.49479704947643977,1.4621529735966063,7.440535260398503,-0.5523030301563021,-1.9137476164454996,-0.05843031284673095,-1.0035108417432315,0.36069345524773505,0.319419776516431,-1.8071521029717752,-4.240497530733355,-2.866435410037941,0.3335088703132709,-5.481681837209213,0.8580124570062021
-9.619990711233424,1.6577999925699214,4.654619219964307,3.346811192977512,10.687736466644003,5.733660686296347,-9.142968160437558,-6.871421871350934,2.3046728270109242,-6.423526824255861,-2.721234269392987,3.246520440693806,-3.036051507226983,0.02491924312051116,0.635540405560739,1.2074744556547643,-0.9993411455807042,-2.011380374896757,-0.4973000753253453,0.39868182169427013
-9.612617354139664,-7.764183339763048,6.226096952126162,5.713136809313392,9.313281995509069,7.178368785097366,-4.156721763896702,6.985787371085959,6.0792877963305205,-1.6224422763115929,-2.1993203127079197,-1.4438615591286776,-0.901577401609103,1.9974944773926941,-0.04102683081962389,1.6256933086014536,-2.7995456048853073,0.36429653768395803,-3.6880846656873905,-1.919663326371787
-9.770418548423422,-1.5920139099550246,7.766282718631923,2.9512186211913622,10.747311937801447,6.025319564064442,-9.180393856219174,-6.385182844423497,2.9775794027518816,-6.447106064158198,-2.631097336188741,2.6729262657017223,-1.5036396331444146,-0.588145789077579,0.784358374575298,0.3760465867742149,-0.5696743085073522,-3.6603111567273823,-0.6397914740940395,0.3397708339175409
-9.558741469710283,-2.441977476360414,3.1085027265829126,3.8624048570333596,14.565932684371035,5.303349658098843,1.6641762484149691,10.543144245224262,5.649844561032786,1.285914865702183,0.19426975280545888,-1.121836339928893,7.635853317344741,-3.814136640748993,0.7869442118964554,1.600310128577592,2.079181894211407,1.1105749675645167,1.2818530724264252,-0.5594524993721988
-8.059651616564615,-5.677670946915487,8.321559541991563,2.7705087324693305,9.727222432471196,4.462807682101951,-8.68456983820958,-4.079242483106102,0.058062645871888724,-5.7389618637560815,-3.909400289490366,3.700045895457194,-1.9883915904651877,0.167671930518651,-0.9761684109953619,-0.9121810334263882,-1.1722229182893775,-0.9641649176815361,-1.8620730053881311,0.5057999931259881
12.008582357596516,6.162273768931275,0.1446124493507881,14.69676629283878,-2.5045436078258927,0.38010236549151283,1.995245924406141,3.3667824716222383,-2.4386316122096314,2.442868724582127,-4.422526378741832,5.402560012063504,-1.396180709583801,1.748286970436496,-3.068090032221612,2.5266778976059268,-1.6617219087053303,3.8568068319277677,-0.029306144063520213,0.3286902625833996
16.938853399620236,5.3451921531079885,0.6900820450731618,15.16208424920964,-3.1735855313523054,-0.5251133291333334,0.18209217748995737,0.6071305078170434,-0.5190165912382436,2.0162671469591347,-5.619953309429169,0.5291117207979725,-1.183775783871323,0.9516153367435745,-0.802016298778522,0.9982450350624933,-0.2357382047804138,2.719953484074603,0.13978701012216474,-1.41799781906817
5.874660305130551,19.8629707090512,-4.426723377974455,18.19423639374387,0.35977284930926506,1.4840444461914428,2.598097416594447,1.3593144549983536,-8.824094722622714,5.308288387222574,2.7554588787190277,1.5667284777303991,-0.9140251300846329,0.9992505318219889,1.430168230694738,3.7155233532992584,0.31235791736148455,-2.9289446559489676,0.0699610511215989,1.5603760503147546
17.78815795602218,-2.850995672178303,7.517903096449322,9.04395402619861,-5.7531020298166515,-1.2152848998090355,1.4071955906645315,-1.565190700082859,2.0814261778818204,-0.7557507376388154,0.350566209701381,-2.1945174075413005,0.9900407329184859,0.05166192296666558,0.6914109705814138,1.1788690885321194,0.8413980199162406,0.31254544020185154,0.08620053180322722,2.977497994203145
7.206858207919334,17.170941525898332,-6.722861370696213,15.89135934481219,1.137095343046274,0.19009587074685635,3.4458875670692413,5.029584743248194,-10.323290787985927,4.5759820574365735,-0.2782886221628562,8.509401365210678,-0.9359868864824767,5.926363386352095,-0.9279517681937435,6.583862401185284,1.0302519802903392,0.45101002278339153,-2.292743826212974,2.9220357976207865
13.08152894968953,8.552656336700172,0.21179789102385588,13.596389578378762,-1.767173951349937,0.9958011510782392,1.2904400970329337,1.9075526956065068,-1.1128302404650636,1.3756437159469368,-3.2893460630623648,1.337669408828188,-1.620692205224372,-1.3550694529686562,-4.770618072142741,1.1471230607254772,-0.35519631539194796,2.576557921180162,4.4057854894981165,-1.008796620989068
13.956757468790467,8.6279554638247,1.2655655760378006,17.56561576330485,-3.4290098124649497,-1.1129836070743406,0.58839080325471,2.0787517533471975,-6.361882491248178,2.1620857812535452,-0.46821620175354667,2.1978675438818285,0.9375479562557429,3.761960523301164,0.06202832208228832,1.0388356973809723,0.16448216154665565,-0.1644180723682634,-3.32777149398693,-0.699501321982491
18.0702482191503,3.8863955345836345,5.706703085105416,13.232970921723464,-5.005634165150805,0.16974783468551852,-0.4559144955471732,-0.03583780323632149,-0.1132840852712362,-3.2584880084834893,-0.10589913099187301,-2.1319873928672335,1.6903608173163591,0.800445026569714,-0.4450089453346301,-1.7968409781859696,-0.4968991042098844,-0.22756678665874794,-0.8962004738864984,-2.3569675919169457
13.111445052683067,6.646226322187825,0.668895601866268,16.656303264944327,-2.080073049275489,-2.8863869904210566,1.0025615649221287,0.8527863062191909,-6.366888784876209,3.517294903464223,-0.29621067963789494,4.4019520768531235,0.6911512491534666,4.571111127889189,1.574636482184836,1.6364797814584855,1.2215728280058133,0.3567181390655701,-4.42801197824923,1.1851575745598593
9.57841454685748,10.064345969552527,-2.7884781570819497,17.240178947487536,-0.8661656006368503,-1.5238197004305987,2.3209774454163323,0.8471062279012355,-3.0036495356295547,4.972462427104639,-1.7430969506176055,3.5328373012179273,-1.9466027196691345,1.3898808751443588,-0.6502794191727564,4.550559312210288,-0.23817270802271134,2.3824740662469353,-1.6420810576579492,1.7082786747010976
20.23562700258986,4.584436315133525,3.296306531580713,11.179686301447532,-4.166960879788547,0.8671097637385464,-1.0885208925236214,-0.13071743056788288,-0.5284576954936471,-1.7707812684630926,-2.5142522308579505,-1.668380534298109,0.7011384295296273,1.0253562344492257,-1.6322276547710868,-1.0678265446039208,0.4780685451219009,0.7512120702467233,1.0502740195262676,-1.733410234467018
20.030023086041755,0.9119795796211846,5.830201756043263,10.757316374633948,-6.771149926014775,1.9624669797703038,-1.0290591555197173,-2.0749397385759156,7.498506373700508,-3.8043192051034103,-4.10915390155822,-5.586878877312857,-3.7810224963401753,-3.065982869257829,-3.9482747089963035,-1.3451334232976784,-1.3783040041779024,3.1352467123131422,4.986583072299831,-2.7628505361480187
21.10478347831646,0.7740173479352358,7.196061858905314,10.030782833961482,-6.594244737688668,0.8864122853396481,-1.2706239935853103,-2.3323791540212664,4.847788811323506,-4.171448484705926,-0.1448390565558406,-5.6903988015285245,0.36624190971551707,-1.391794349727975,-3.0575187184507726,-4.215310697731076,0.5063286837549609,-0.22465662084098112,3.023404466763938,-2.9250727659936437
20.18060117256839,3.866004474842925,7.13364203675672,14.339130922282289,-7.393734469174253,3.563050428341573,-0.8060140843579007,2.4772124764358905,-0.9113548356411723,-3.3355744742883946,-5.329432797480967,-1.724500058464175,-2.826871847323865,-0.4311617197877131,-5.485681418178284,-2.0286199376012997,-1.2762026396680464,2.980620643730872,6.396943731494138,-3.594313722719089
23.850488869137976,-1.7553035344800627,8.251087855942032,6.0940540133310295,-7.489921974976433,0.6298647438900773,-1.0967531630629601,-1.845335169446161,3.5332058858193363,-3.5471408897092016,-0.6443597546943479,-5.211849402766865,0.7740951329129163,-1.2033072884675065,-2.462776276870133,-1.8289314472852107,1.2458341325758844,1.4286295262165472,3.1451533843174606,-0.6042466399455567
16.34532063742642,2.373748461133722,4.841683320909565,14.865171607925634,-5.5368368778150945,-0.45380817740560425,-0.7052347241480919,0.2987743477119931,-2.660098675447745,0.8978381204342771,0.07041411895363539,-0.45469382807570985,1.1712417317878876,2.148012252588112,-0.27256815808499435,-1.1252605033641212,-0.20111151496071322,-0.008299590737468028,-2.01988385934536,-0.2949415740003046
18.38953357280633,1.2857837814348738,6.363359782797595,12.18712618230022,-5.849515999446015,-0.8115110377560291,-0.016450892766598273,-3.0898708846707406,2.5875444164847887,-0.6873991412508885,0.7001909473587711,-4.104192784783443,0.9140772241538516,-0.9786577021395014,1.1912847667778328,0.2823819177328853,0.5514131896181699,-1.4697066109802919,-0.10222391277678373,0.4702065761479512
19.929838004714796,1.39706204088053,5.823233376736294,9.62764145550556,-5.874657326853986,0.5763758290391582,-1.354336401963158,-3.5438892557159747,6.884781577144377,-3.122555436865307,0.9019157218113619,-6.3970152537505625,-1.026797416955463,-2.27881552570483,-1.368730009151496,-1.3689407901426538,0.35514255446140003,-0.5164953798484067,3.140023827755348,-1.477297610156104
17.77630764195723,1.2127512955292254,6.137952565839144,11.650240037600403,-4.4998636689025995,-1.720264521552394,-0.7096781220648576,-4.585508691735679,3.400542202398805,1.51855397798549,2.226558537566843,-4.106001317184679,1.2295679827245967,-3.0324062172389477,1.7879319254809036,-1.7146388966839008,0.8337679577670972,-2.795379931921348,0.6989864067038486,-0.6791920059110333
18.071705183936004,2.7629050325408406,7.399948287558726,13.58165004067299,-4.737843709499,-1.3357496257774735,0.558538269052741,-1.4784866733051307,-0.9093222139669798,0.5351942884046655,0.800651706044691,-1.3326185005524653,2.9637585764022214,-0.8233738248438389,0.9810600539100133,-1.295364626027323,0.42630287889953844,-2.2375929964765677,0.3150486181775623,0.32435822731718866
18.635548849906346,-3.721249060715851,11.18239717805996,11.401619837248175,-6.270558254166832,-2.3958090200242848,0.31931262264390015,-1.8117031782214053,0.9981628333922967,-1.0350733172525197,2.1017181078403238,-1.0793937690083941,1.7931917802677722,-0.8246237883514922,3.3998653334936044,0.404464333665025,0.8612634306354933,-1.3582332314227512,-1.1496197971879663,1.6480375384347907
18.050407320047004,-1.1924172029485618,7.528599174914494,11.45222586244879,-6.646846824636899,-0.73780297475653,-0.3324873598067564,-0.8412517721226591,1.1101274944042847,-1.104252103718364,1.57384952738916,-1.1424077564776418,1.409365968019081,1.6589713256130705,1.4576123362817688,1.7018972331129705,0.4880205350160347,0.8389231987661074,-0.867181562245467,1.4046446678621756
13.996510720436445,5.344125468106275,-0.34968901142850095,13.170254762574706,-2.114865456467539,-2.285099480581379,0.668747512328667,-1.9917628360253459,0.7410859383452452,1.9642784359728827,0.4193445894802035,0.788096023438027,0.07073284502714935,0.9946835018093411,1.4790432749935045,1.492656255376677,-0.5630052882569664,0.053861291883783885,-3.853117967940211,-0.8747522927939598
16.63396528337617,2.2640426065982178,7.390157912154156,13.779795855589791,-5.893260829041688,-0.0192176003449889,0.4261876867380141,0.664435635616772,-5.244593654845359,1.3496652914697922,0.5079779990981306,0.6470245728059663,3.0371977553784704,-0.6295013898685735,2.8473737846659293,2.037402451649528,0.49549465018055966,-1.7752253918964742,-0.4242780641544732,2.8659196606947446
16.572498238239408,0.22946828954773288,6.936981920542495,13.052076177975794,-4.770128925977766,-2.5700840002124177,0.6287464531785769,-1.1528796754487363,-0.04538292169476521,0.23165321910447514,1.59715011612934,-0.2670917263769063,2.0747956132421366,-0.059892344441699726,1.0628356084921338,0.661877278083917,1.0854979292213784,-1.9435787139218001,-0.27874960237622715,1.9099988402399406
18.174294413693026,-1.9339260013971173,7.296149515074722,8.995826560256948,-5.634092856167567,-0.9929466965982581,-0.34673577836439134,-1.3847242577674892,6.198510256155419,-2.725720792800008,0.472601395357051,-2.609869396061343,1.6817262946207094,-1.1304611974697178,-0.36561633622211237,-0.3969345258818748,0.022843288103304667,-0.7807445018419359,-0.04987152562634489,0.2708531514653677
12.88308041619083,4.2188601494774725,4.61515408595905,13.756951133072985,-2.844187849691368,-2.059662015826486,1.927544456649873,-0.5019944325112464,-4.472796525187976,2.0487987226367825,1.413812081711495,1.6451462326471862,4.041353084409796,0.3507688974244231,3.9052147633734378,1.7362070360132038,1.057862988246456,-2.8727983451392487,-2.6172676215858734,2.9755260282187512
14.007090699872426,2.7921784249585087,4.012744278794457,10.494982745457605,-3.2012605888276617,-1.118726350584071,1.0600412857683263,-1.8977356318189127,2.7610135497158206,-0.2571354120298624,2.005633414223924,-1.9802762090109542,1.6239973208155645,-1.405528021379212,-0.6276647067054318,-0.1451503655164299,-0.27420275950493384,-1.2572121453659668,-0.2514867359537477,0.8511519484139581
14.756943200456183,6.708759521494821,2.5262129550497514,13.98920598680783,-2.5065819589570055,-0.6772459937237276,1.06659820083736,-0.7019593565162529,-1.76076703288279,1.7867869135573806,0.044010743212514775,-0.6053289579485357,2.002538800764042,-0.8664504811163988,0.8059142638144612,1.4026466052576432,0.9267170351726397,-1.892091167924735,0.3016016853262994,1.7645872169064183
16.615037993320794,5.945943063450918,1.634184082641396,12.7707867712513,-3.334033980696651,-0.9901581962115231,-0.5647274955296192,-2.366390487145577,0.60523785590421,1.1858003913593753,-0.8543068194427907,-3.4048813606759163,-0.6772847561286947,-0.7854282179561178,-0.7721474272627316,-0.15997825011222755,-0.048504068013216925,-1.5553332822488617,0.6014588191147607,-0.2809930527045932
18.765835681191295,6.4880882140271545,-6.509128899305518,-12.593750284167498,4.133488547945958,0.504428909832356,-0.4656880884054831,1.1742616702831246,-0.4669003523661043,2.7718395179551463,-1.0281725795412782,0.9627670205352448,-0.6026243875761391,-0.03782817748411198,0.052657369232279136,1.5240605607057742,-1.2531026101873908,-0.78879376852293,0.9821768062003481,-0.13064264217909236
17.392151915522597,7.924023053270607,-5.914141602979705,-9.29147234639591,3.4846500262934192,1.752178584260865,-0.6243797155301806,1.1431820005924447,-0.596345451644208,0.7377647164587341,-0.6965429573861943,0.6731162755737575,-0.2264455501421065,-0.6787635197488527,-0.7198961967668035,0.3950814691549474,-1.6710990646795947,-0.09887085904242632,-1.249557373914089,-1.0797289071277272
22.574114403818374,2.8055606288403734,-3.0240147656675735,-14.175673042386421,2.527767803168098,2.055263888057008,-1.6944871035305173,0.46018579974512025,1.0987640863578827,1.836910725400553,-1.0931438311248949,0.9489261100405012,-0.40392990335695633,-1.1660405791453894,-0.5242617519716263,0.5628116002163852,-0.3583716281889082,-1.0862255626336763,0.9735045443278062,-0.13151040486565146
23.222675116582803,2.638262042782497,-0.7383175622138879,-11.812849163240147,1.2604338220498699,2.509070119717501,-1.970535972556152,2.1949211624887908,-2.34153977831604,0.9764121544947576,-1.1281837102549417,1.9784908497030378,-0.4371675396624673,0.16911947430976876,0.2509969117619833,1.0358019005181205,-0.20727077584181738,-0.8910789766823535,1.0495434192047421,0.33868346921102915
19.65537401558312,4.969210696201079,-6.018045866365987,-12.658568987962783,3.4243982392375503,0.10825034123602995,-0.8681738082047409,-0.0016064972421731814,0.4319289487538714,2.3123096186202825,-1.7503778073034915,1.5161611829688864,-1.9533497405241524,0.16772599696608975,-0.32603204334817065,-0.25473935680215753,-1.2278867777001208,0.117741917700265,0.7700214119426454,-0.3838443109106013
20.00155128025375,5.415425368220658,-3.994150716532596,-13.055850876425986,3.069876505927982,1.49507433805889,-0.7275510344375683,1.050068142911169,-0.4665735813728325,2.9051257118385476,0.16946663833223893,0.8217575464746697,-0.8108065754404418,-0.8343482873706493,-1.1614463302417102,2.6821413811833335,-0.11907998151140782,-1.405869292038286,3.467324341933217,2.522018435990337
22.97304663315906,3.124944396760367,-2.7821698276507743,-14.619537338464319,1.8870106794872814,2.569986951360952,-2.091138256468611,0.42346966366027194,-1.2920402428565272,1.64637850691701,-1.4477367348703822,0.12432803602389272,-0.32950210823091663,-0.8631866362961732,-0.13141522323887775,0.15592750037091238,0.14810598978615647,-0.8817132832106795,1.9969576481319247,0.5620467706499442
18.84552672078629,4.66699131544554,-4.727106020802876,-11.519770040614882,3.1910446711193527,0.5062127767147175,-0.47416420533768566,-0.2614951285398124,1.0650892194993762,1.0303647464431158,-0.9114741476263412,1.076880530561991,-1.0738121528233422,0.45860290361593936,0.3829463309168979,0.448927012218266,-1.2871736227534674,-0.0060034463590043574,-0.8564420396084664,-0.7658033274987492
21.779084690825357,2.2967865583236247,-1.1352774403304702,-10.122613131612011,1.2548311218279842,-0.25755672989046563,-0.6679455546663451,-0.269833466499652,-0.629203944733662,1.5955460937188601,-0.11151825539426298,1.7082756530524676,-1.0139174698706108,0.45601019729987424,1.1905148657853826,1.423365202973309,0.3619074344346723,-1.6915328403875154,0.7620490628468276,1.4852375938243898
18.431483677376292,8.03077122442165,-0.7280067305178886,-5.852628301284431,2.3218302551078107,3.640612652746948,-1.4233823334796483,3.8112907269144727,-6.850494025541542,0.3565747657601961,-1.0674839461171228,3.210162809188783,1.5746111311900453,0.23519534526713434,1.5597046253864804,-1.1305340995717756,-1.4577468905251698,-1.7323269207499836,-0.6123795722620364,-1.3631025460207697
20.399739823593087,4.325068288339799,-2.482803026956551,-10.762773592748221,1.9802159728323057,1.7711722846802775,-1.6479436678464203,0.5889024214043403,-0.42768318211299744,1.3243299242708226,-0.6968943308263473,0.18320318037621988,-0.3630903357948242,-0.7738998501623117,0.26907310634597686,-0.06912933050233887,-0.46404387017640447,-1.120536732061474,0.6910212967487549,0.3211651237551489
22.347560092740636,2.24193923767295,-1.5139744113733504,-10.828616524431633,1.4786952400769235,1.7003182271635242,-1.739713594056951,1.1646144824744802,-1.8256095708285147,2.742113249760674,-1.6740132307275144,1.1679539125977096,-0.5724691721417388,-0.1838769058775561,0.32404414185723374,0.8207206504147654,0.026347951942755635,-1.013682441608737,0.48967898840864654,0.8281734252806745
19.44722587927055,6.457925728970337,-7.76917032087447,-8.676358568722335,3.3421901886436967,2.553235401547221,-1.8122292068394668,-0.07390081070433674,0.6986969879237133,6.201228910221875,-0.7108634699068695,0.5781730306437336,-2.1869555457565983,-2.2477964668591666,0.2925133711548346,1.8367126704078167,-0.09084111737404917,-0.45217571636284143,-2.394855596229244,-0.7801200310861311
22.438257110498572,3.1559467851473824,-0.7947880705724363,-8.751331641917439,0.25396187685140903,1.391789484150357,-1.6740498027252932,0.7336532921846676,-1.565349616817428,-0.5610833118926531,-1.289845978296897,-0.22843007313453476,1.0826419715123872,1.217677941280747,1.148798458465354,-1.0940316085803337,0.15344712766246124,0.22696138996541407,-2.0508667726567733,0.08539567483077656
22.493708341505723,3.455041392644784,-1.774077536650483,-10.872077603209322,0.990450158328693,3.687767331539951,-2.918638785209284,3.200829512923952,-2.60125476065665,-1.159051880567307,-2.563178420471369,-0.2931770330174625,0.030874048903324014,0.7343862562377543,-1.0783102271202374,-1.5851855544044449,-0.5423247690068367,0.7909543891761565,-0.5196637304325216,-0.3544194259567246
21.743375327849684,3.344156199653528,-3.632773548775081,-14.341986320764581,1.566128165038416,0.44347282770760965,-0.865028949260475,-0.31281699641839744,0.9608819808310008,0.22161832361598455,-0.20821933783801794,-1.7341243877219354,0.628106215338641,-0.46864941219525846,-0.760670669980067,0.005032506874470636,0.056844282367214755,0.05525347102427912,-0.6167836324271992,0.2851017892610765
21.978348869581758,4.988203414151739,-4.8777823974214956,-13.872970217989257,1.8711177403093429,1.05682175213958,-1.1276514413340282,1.2132113204503838,-0.6206397224668295,0.23875710255535573,-1.3047521254686116,-0.3750360864802337,-0.05427748911467571,0.3143491127256537,-1.077381085545447,1.0562723868855914,-0.5087941584579168,0.2592420035273399,-0.9596273688596907,-0.12220856735693966
25.035560846273274,0.9420702292542514,-0.47360152937092026,-14.36130430795562,-0.23068072061953573,3.065183917625351,-2.527264406223857,1.6048186884239932,-0.9552668776177474,-0.6562177937832835,-0.445479128532314,-1.7673266343665668,-0.1131583360078828,0.47832024516582655,-0.46692853369327814,0.18110906424405449,1.4393158216344546,0.05446668391959639,-0.2873599702193012,0.9979009440737932
20.494057258044457,5.7441043026100385,-3.409190332814215,-10.890830894586394,1.9637300865710632,1.6224876622961921,-1.3660440925369464,0.8377338378295671,-2.0819571561084325,-0.7978920570526837,-1.367429259589536,0.04338226373087333,0.45573335965826395,0.6526332487008322,0.25148857296494836,-1.9720997851338196,-1.2307596895614834,-0.09205106202541485,-2.5657428198417604,-1.945663724952335
23.199498463451206,2.88416393879356,-2.4590708225055513,-15.864053525314896,0.518038807366927,0.6312594553575483,-0.2280858311439326,0.5403073553350984,0.33915509104795943,-1.3094547637335774,0.38619039794985005,-2.176163520703705,1.3487721375283732,0.8638333426544472,-0.24378724501037122,1.1695016011335169,0.38888805859621306,0.5957476181562197,-1.011967534762108,0.684202785413561
18.719281984107113,6.324946286536884,-3.4119667179512656,-9.165391161753687,3.000780073502988,-0.8409479552220207,-0.4327746596122016,-0.325854629235091,-1.8949940170839676,1.5304591183990035,0.7244123409647664,-0.6053541961661854,1.5346691384513325,-0.04971631773448431,1.20054426402531,-1.7898588924272472,0.8565749070836702,-1.3937212928810498,-1.642703342428123,-0.24314608302761948
20.326046903103332,3.9761749912807214,-1.341241713677379,-9.971998265175365,1.003802511062402,1.055361896625418,-1.5017576075137276,1.5357077490655,-2.3187742711923147,-1.2350053095085374,-0.4603889986521954,-2.100236119818338,0.09147542915260018,0.09131468504429419,-0.8087885406501225,0.06196571691965499,-0.6964205037496409,0.06749655170634704,-0.9205542838248932,1.3520462643378144
18.119669499800676,7.234877972128623,-5.9775068490793455,-11.372479111364814,3.058462958076347,0.02272012266566056,0.3955629924807723,-0.41557034829395095,2.076636143722215,-1.0785415750877632,0.19431323975494239,-2.1397104887596705,0.4831850834715812,0.2498840485288082,-0.8424855492782524,0.17335557582529937,-0.48136951734438327,0.33956609212942357,-0.8194023939994053,0.16259822279635724
23.281788190969326,2.711754540601304,-1.8826062017811473,-14.808603539608791,1.1667550484613785,2.639349351847599,-1.0535608329822461,1.4852064315697835,-0.5694758151965785,-0.20395189186061918,-0.20298855254479636,-1.2807442238619016,1.3330781852629696,-0.3811984188205938,-0.02407913909478699,1.1050884756509556,0.8081770625928069,0.09012514645922809,0.3569744915872391,1.0096391104999256
20.770817205935533,6.750554656065812,-4.652776321344149,-10.848550722228078,2.2410240477662917,1.682808725217725,-0.6393626314497604,2.5222237220169546,-3.683479962684456,0.4495256537123477,-2.0657555160154217,0.34510110690605217,2.544417674725312,1.7308908630412172,-0.09655427077546994,0.1578439105812286,0.6442555709515622,-0.5413233095651883,-1.1930183320194625,-0.3599534756577587
22.388260282414244,3.2218508071371703,-2.577164236147481,-12.528003754024837,1.1853282939482208,1.2383245724011562,-1.5142364196767335,0.8520520929157223,0.011805267919184523,0.04775725721050755,-0.5483800299701743,-0.8951341710220003,0.0638198149139131,0.3428972993393238,-0.6796210506414502,0.21177690926420378,-0.293332164331852,0.45326674485535984,-0.9281136777807775,-0.10129100281736943
21.692755607083246,2.9991448967430987,-1.2314777791199534,-12.3608066470533,1.6165515840077622,1.705884314473091,-1.7224487093789176,1.673339916842696,-1.7969946016260228,-1.0290860613404067,-0.49428835637160246,-0.2680141068797036,1.0414664330461634,0.5465882151115575,0.18016883289922478,-1.8096258626389174,-0.43658125662962133,0.06894417240754737,-0.9999017515222699,-0.7899989778793705
-5.049057780992151,-8.312182099011363,11.098837685417603,2.050707832103179,8.999052506815886,3.368770834383003,-10.64166709244777,-5.76585043058653,-7.551756364942377,-2.231554340480245,-2.168235255691995,5.906668929998867,-4.801096256222651,1.7515670460649535,-1.0947686294346517,-0.19956080069472604,0.8307859225793396,-3.87993054034068,3.1412212499402843,0.6485013255305015
-4.977497526463512,-18.49067320685755,11.527205321425628,0.36573927549334556,5.269921647109877,2.231311975014185,-4.14492501926001,5.2893176401239925,-0.08943834460469352,5.66252798234959,5.307845192641209,-4.183472410769066,-5.783420298365792,4.237778243073396,-2.087973098702672,2.062030241842282,-0.5042568340382008,0.1710098168958905,-2.476935222473231,-0.17411701123398518
-5.230176458103992,-14.951962902201348,7.5028546911082925,0.026140478091077467,7.691958102211336,1.0260449675352152,-3.4177647685724457,3.09911753208966,-2.3356811991173076,8.640341461240434,4.435239253699882,-4.294558258797844,-3.7450487739372003,2.969675733417582,0.24849662671369305,-0.36853483022177363,1.2972016777099007,-0.2173397164893648,2.339428410406477,-2.2430474961269518
-5.517625764582316,-4.77089360030298,7.072726373587873,0.0446685758982133,10.08089573979418,1.345431043026928,-8.811563741940267,-9.33933238647376,-6.914616101086001,0.23292987491669626,1.801073057104673,3.3793967112374927,-1.9806562410384232,0.9223838396821074,-1.6281796873238674,0.5637586573158933,2.049767609017966,-2.176143675809269,4.753410998686872,1.044069062493948
-5.001515977421516,-12.96633518719536,8.365226671662855,-1.1333902953734645,9.168747831539047,-2.079658849031762,1.0080893769494912,4.2416952250093205,-4.399621053282885,6.239555191166837,5.3621030895356165,-3.0703378138657667,-1.7987427174183899,1.1735173826886682,-2.1830560126631027,-1.076361469105215,0.9968392026617393,-0.9183991195813744,2.7032822356322366,1.1215238793159685
-4.666276600142863,-17.452854717112086,11.530038358808502,-0.6638782434163781,8.427548152280028,0.9903093607931085,-3.0847892945858457,2.953135699643603,-1.6291077442051176,7.811313103842663,2.9478860844774877,-3.899501224466496,-3.285318301490926,2.725667087626834,0.765683214541775,-2.039699081870811,1.6183167566417644,0.4205402089736236,2.3063299594019346,-0.6843483126849209
-3.074900473363064,-17.96309725839142,11.955406069495591,-3.031278470693402,8.412666561168027,-0.6336483682119403,-1.3512158776548577,2.7386463257903078,-2.3594782271575454,7.239304491256864,7.474016661744753,-4.9615083868741126,-2.371417169986049,3.6155098817595426,-0.3318402005961584,1.0761968899297982,3.872054652771216,0.4775096742287505,1.0908411677151266,-1.0057518240675998
-8.5063610824401,-9.623771561144094,5.842692410979912,1.434270096390211,7.136195986972511,2.746555558829969,-3.8823157274060938,2.2336644734267908,2.208940935492117,7.0126592689070675,5.266265642350323,-5.859133702281277,-2.1454000626894945,1.5288189560879684,-1.920259396830814,0.4524119101460175,-0.34248187192189444,-3.0805603500366483,0.5816856329234021,-0.6802073006205759
-6.036943327822295,-3.634379987032137,8.258052469862994,3.1823026241286456,9.138662847660614,3.7380979733338786,-11.76741696739046,-9.770356145472956,-2.696407203243409,0.026871772709785816,-1.0316523882775899,2.5292166955548594,-4.161232924003549,0.004772841815984251,0.7558012073181702,1.7042815937134272,0.9938004998315696,-4.8577057716113075,1.9977383639351618,0.20884655478911782
-2.9202703206304577,-17.30969759889744,9.66339020978417,0.6336844707316609,6.797067561139669,2.2270771068550235,-3.1865465940269946,4.205823394624051,-0.16644536337821444,8.964757805979229,-0.7618057946826777,-2.18894735910773,-5.918060710293611,1.8414361849811736,0.9320309155495462,1.3603610352686175,1.2344592928848164,3.838515746413314,2.485434732895805,0.06357607872092742
-2.7294235039287784,-18.936089247323842,12.214401273243965,4.67812188764902,6.89274235148528,4.298177230563789,-4.072680329031382,6.03307094460926,-0.8364151516425604,5.518521471500404,-2.109046885950413,-2.4380974980280894,-5.891556757728616,1.6332170414010847,2.834369560168379,-1.6452192627097366,0.11604852744447773,3.6826146291243056,-2.0633093244818257,-2.2426324633521584
-7.499714561218951,-12.075273889577266,7.597282703849552,0.8320508577169008,6.077920370308388,0.6807720289088649,-1.6219559970245958,1.879246216822304,0.7504419038983657,7.483893016473092,5.8798248794107275,-5.357992211519447,-1.030558778063659,3.5588486163131403,-1.8050448881670134,0.5369645013398898,-1.3686393201061013,-4.107646238815796,0.12465161796125573,-1.6425419787089355
-9.076671317495398,-6.820001502451048,1.2630782512174965,1.6918168827301139,4.4954064505809805,1.154808217519448,-0.18238509852283824,2.1178356743244753,1.7401870482072284,6.796147031799604,6.827461918401922,-5.991112821609387,-1.3100876385155578,3.0394665217251196,-4.99199599192576,3.474270898913831,-1.4344739532129747,-3.52357352415666,1.454620769775838,1.1641258454673622
-11.25048705779238,-8.877406567860879,-11.576690806760713,0.31418501600749615,-7.201373032584405,0.2117267310344333,-3.9164297716987924,1.9488108888690359,4.134237727889672,-1.2726304716493606,-0.321274809512348,-0.5275745029122324,-1.5089477952965469,-2.6484988921936377,-2.7447163594260466,0.9059460599019394,-1.1913149480026781,-2.7203633352168515,-2.712392109797048,4.5212523216912475
-10.620302091783467,-7.617495331045551,-12.131019274141037,1.5356082302269514,-6.11101875653539,2.1916301268523166,-2.249726018780945,3.82949151619702,3.010482299225059,-1.3104767855079555,1.4210086055511686,-0.2032608761061897,-0.2805525769626042,-6.768956324770446,-2.266683290626053,1.3861966479197736,1.632658024346225,-2.2289432890795173,-2.5011431125680734,6.045948399546427
-9.315880895611476,-10.45674635421573,-12.674249464030545,0.14809146260693534,-6.535676867724103,-1.9731085519877807,-2.9996445576268105,0.7428124125450617,4.193829312439947,-0.09097416822318316,0.11049341118875797,-0.1673425438198179,-2.366424393703512,-4.770657625600596,-1.4100799578762833,-0.6945481860191508,-0.668965892663963,-2.3668682947382607,-2.901905135774771,2.844394593862496
-9.89096388949008,-6.946220018986642,-11.060412384917774,-0.00542495827418894,-7.458635842042862,0.1779675004486955,-1.9357505374116486,-1.0118098246636864,4.1227060888428335,1.082781520659624,2.740793814121068,-0.9450940776808742,-2.794993161565904,-7.0334998442884045,-4.189483042418302,4.6624061655185045,0.8453680888912868,0.25023234456925136,-6.147021939343528,2.441059752517873
-10.097878351169568,-10.180007339835761,-9.29852517951872,-2.1261347826543995,-4.576968523047302,-1.6666334281839894,-0.7156079078346567,2.590285299492724,0.37276409676942773,-1.0905950521496501,-1.3222351455444865,1.6193409195859498,0.898805880775057,1.0340159013201204,-3.203982746743496,-0.5228998891803339,-6.419494574968442,-0.8093797612499399,1.1577131017014974,3.9259843336841196
-9.304440702866465,-4.578077936338423,-12.260649505552616,3.610512176415999,-3.4343565220094883,-0.6701642672198925,-1.980297252161912,4.493566525134031,-0.11186709658840197,-0.02152941758910263,0.4594811967849452,1.320472170968784,-3.321879227928452,-2.795515095959691,-3.041274806188407,0.7173840614907315,-0.27194103780180984,-1.0629294179214845,-2.140548520749546,3.1112766398847915
-9.056447006013755,-8.418359625565671,-13.132376218899154,0.2006818667361739,-6.227522867945206,0.3584251460529964,-4.4157755865129165,2.3791378870980373,-0.831481938863412,-1.7210091336535245,0.6588944124648068,3.041914171347671,-1.5916454606564083,-4.264317395859522,0.17163105566674638,-0.26309085578940955,2.8656431800425293,-0.9134934474088604,1.1508592637711397,-0.5580982896872462
-8.562239403518758,-8.020318220316177,-15.556692092971069,0.640919353371617,-7.792005722281331,0.926713865072741,-6.058022209215961,1.42956590518929,0.5215595183465506,-0.7142129479333897,1.4738004070095945,0.4169683671718725,-1.4756539108533961,-2.9933474335837955,2.1004795667137035,0.8403883195227477,5.4396634753516055,-1.1375115858811395,0.8418985632703625,-1.9003976749339058
-9.151769818833392,-3.27290121231048,-17.83430481996048,2.2807651148998027,-7.0521622111560465,3.658863007906708,-5.183689270871112,3.1271172807361896,-0.3688306707126793,-0.25108756754165046,0.81821009890158,2.092342616596895,-1.580633546769086,-2.9043422739154394,0.6682718127055062,2.0194860774510266,4.076995730871159,0.923793640169404,2.0563628808231535,-1.4041294993052236
-6.99245263098873,-11.824695995701788,-12.37667189507748,-1.409373917876806,-6.8121474813211975,-1.9955210315141503,-3.9399527626835003,-3.4070766659719447,1.9192275041460405,-0.20932384649675798,0.518822190627943,-2.160319307757223,2.9777021818562783,4.411921028793625,4.192337843287282,-1.8966982221812445,-2.055638197222247,0.8823224537055028,2.5455276172103996,0.2711182347629143
-9.403280323448657,-9.449407882055398,-13.662102655864986,-0.6478280001486192,-8.88256255127362,2.105854735080721,-4.351849915007879,-0.1125918030699691,2.699483649598987,-0.9690877450846075,-0.3247139709874393,-1.2429157158477548,3.1617915301412225,4.432535869656596,-2.091405781387703,0.5598340578955104,-3.6404972699178733,0.4067466656591141,3.3840540551216325,6.19534641561459
-9.12520228631709,-6.015644414856332,-11.461307533905106,0.2820912416294527,-4.824377488687591,-0.14772895744220715,-1.9115335449308628,0.9160826617503287,-2.8806497218434752,-0.96801725003397,0.028741515056576253,0.8192672292723129,3.675734311861092,1.4413071835980729,0.6809873562427656,-2.8547946994510154,-3.7768394908352305,-0.7852141526291163,3.088181253430768,-0.8022158426546497
-8.749765303470834,-8.978673095629889,-15.538757265884273,0.8072717540613843,-9.683326231367127,2.4086075553587496,-6.684265472476834,2.2181010517719812,0.6885783255785111,-0.8370695745702789,0.16695999831239375,2.416339780015747,-1.5426323533372357,-1.5244783033512925,0.12175564166906507,0.7362226374573441,2.767716847278976,0.7399477228411596,0.20183522114441105,-0.6118237295715657
-9.714844942725348,0.1426850053500842,-17.082727831370576,1.6533495546626493,-3.064806932943514,-0.4922681098330528,-5.189574769620906,-0.24692165401932348,-2.584125228510794,1.8225308200716344,1.5298337079905047,2.7831861353913796,-1.7007107878124983,-2.9399297076129485,0.6707441840951417,1.0993765364910497,3.095583224946074,0.00950402901431075,0.5420173632131046,-1.8460937207242367
-10.045236723126099,-1.3478375902387398,-15.624876037489395,3.425969414323725,-3.284361868188128,0.24178536988290836,-4.375255454347964,-0.46683626294341424,1.2201652105576635,0.7445249718701424,3.087417473577578,-1.2280846586472585,-2.785844342764194,-4.416859365729315,1.065058865760452,1.1022920461901622,2.9280358245466434,-0.8098407463367143,-1.3455481995895047,-0.8405757445853602
-7.199162667785102,-8.551575697917595,-12.183058873054229,0.5724412433379759,-4.885033543345425,-1.71079454057123,-4.331688813420554,-0.24006129009580476,-2.8948863727031156,0.10057622846620334,-0.6062991800264103,1.3368428174042288,1.2974932340703258,3.1323304329862536,1.3980290283838968,-3.2183976862234447,-0.3979735517011109,0.22038066635381598,3.9508138770773855,-1.5606465482997467
-8.073468205867634,-8.978372001883889,-13.365076610180358,-1.4230352370759625,-6.401278111643594,-0.5523042384358776,-3.839647711818418,-2.358641463789292,2.3823049696406335,-0.3854634262975343,0.8184056262150536,-2.4783251294780793,3.116818019018674,3.2875820541704255,3.0794393636325412,0.9730092991340985,-3.427283010186275,1.6872022875486141,-0.0842402761177122,2.0996086995079484
-6.883207733523764,-7.287710018838734,-13.89559568788555,1.746354553058463,-5.380875161769589,-1.0384494316175528,-5.037197651657793,1.8878140303115294,-4.484574718843992,-1.2997493498145711,-2.15031490984141,1.8213228496363014,1.8588055103454628,5.764377879795026,1.028920574061281,-4.700328720451992,-0.6963032456347755,1.5235789064510792,2.818833970100424,-2.7630741298550268
-7.67649306226007,-9.619841601349844,-14.118099081539961,0.3005822623715422,-9.013636245333705,1.13309799867022,-6.801638749869463,2.6828612010360993,-3.3474808686116546,-1.4695439679763995,0.5605085296311647,2.6767674546105193,-2.0712413711102435,-1.351032741893113,-0.8242194819338978,1.0342181553351266,5.97606102468299,2.5884483406753067,-1.5578144199637463,-3.6286635030327647
-9.213577538186668,4.815785033167293,-18.237258837516247,3.890776560545387,0.23671561365673094,-2.201274328259295,-1.668521011277157,0.9982580818812339,-3.96221960324573,2.8540935260615306,-0.9557333403321282,2.196485616708435,1.3310885993532762,2.5896140230528424,0.4810841875605369,-1.4818553537137202,-4.368324142363788,0.7363296304051038,1.6997219446778526,-1.9497845669741038
-7.298414019157507,-11.611312293190693,-12.67387268169194,-0.6965341997321227,-6.92761211874127,-0.9687246668229218,-4.080692862567708,0.013427866636772359,-0.7324499927465397,-0.8441112105140135,-1.2814889222515373,-0.4021299160244938,3.0417086780812483,2.8447033981687513,3.0100784939057066,-2.3431737947374693,-1.1677684561472235,1.4812357136673218,2.1170639857916638,-0.3048539424322092
-6.3032204080618826,-7.5892987760723205,-12.66602986033531,2.536179107501867,-4.236162461143545,-1.1129210817576123,-3.174741423460337,3.9256799419609623,-6.203660639942399,0.7197782622959737,-3.5661390565844187,4.005785533568155,2.1543263544370648,3.933049464055999,-1.95294188074033,-3.413947740186156,-2.0108362556357764,0.9279029604462792,1.203743300204082,-0.9853641738838875
-8.78961189086782,-5.451309637675226,-14.084525697538536,0.9642074334027552,-6.4936571980853035,0.3397374471232375,-3.3089388270543707,1.7237122312285529,-0.3904583963803635,0.4868734198198846,0.6414100357130973,0.8822272562829779,-1.1597095349237478,-3.445614878089646,-1.789678003894784,-1.7593839230437562,3.624631967264014,0.5532837752266191,-0.8226934202478999,-3.164480193070311
-8.877111256723978,-11.547444253931376,-10.9232694145462,1.641252500305412,-6.94346397297283,0.29328240032300384,-3.520013657580876,1.9170394567031417,5.378145288650738,0.06275259900935241,-0.8673935522775975,-3.4000441338088314,2.7418792022128926,3.7417590483939565,-0.5653948249929001,1.0940174951348354,-4.83993281444462,0.06861370269038804,-3.170133146633626,5.439565021020398
-8.855382521422724,0.5747301034344376,-13.416371011541905,2.0994124829594027,0.4607519946207024,-3.3433799572055247,-2.535886536099818,-3.901407278081568,-1.8882687699909593,4.465110861896837,2.0503252428728316,-2.853434736953571,2.133529521514466,-0.0006804990431663976,4.400901523515562,-1.3893206384179815,-2.638770953544771,-1.1076827593373015,1.2676291089544214,0.2124218252735473
-8.672615357072917,-6.213718591053193,-13.490884183118746,0.391831579050103,-5.760554843533195,0.7014428425305547,-4.196868341313951,0.35515348377973494,-0.8974768398015903,-0.17166244356240276,-0.007898182653162184,-0.5787676680006398,2.8439665317066596,4.678515113896508,1.544092233522866,-0.839763020055916,-3.561790644718326,-0.42763846681589723,4.811068433391668,1.880732844684926
-10.950182758639537,-8.74493599007445,-10.715312277640491,-2.0144708494220795,-5.978956915271151,2.1480784880011434,-2.6264112047437314,1.9644559559635377,3.9678547706094864,-5.518141499511447,-0.3974652793867197,-2.7307317848348873,2.4642607424084306,4.0887718628502405,0.6011837865172422,1.2513673660938625,-5.010093512706668,0.2726096086551468,2.8054252984934247,4.800581734763668
-10.685322748111908,-6.733049057879245,-12.167064713517636,-0.47207080103655374,-5.781500258258073,-1.049442548066786,-2.234142378282095,-0.3397603274374297,1.1983633343105253,-2.3373918312524524,1.029101673399173,-2.997428562825628,2.2449952552733774,3.2276999896595453,1.9704458810162373,-0.7625045258289063,-5.2414189480261015,-0.8812791504625559,-0.3904113397715049,2.869844427541025
-8.317926264416355,-6.843696093921351,-15.612818980553886,1.2705646081202553,-7.40685101020449,0.2025733507075073,-6.528566451195012,1.7134193600743304,-0.3037146875954089,0.20216836616975012,0.3908274889387501,2.2312942448774042,-1.4992062182978785,-0.7287096238968223,-0.6685877887348032,-1.4595240531144302,2.358721499055515,-0.4711735582987352,-1.6134596118731457,-2.747479651574192
-9.696689234678246,-7.802030239930542,-10.538449489084456,1.7000472827797697,-4.065352292275702,-0.7159103951768612,-2.4119892622944015,1.583429050490778,1.145513883399905,-0.8172393389898641,2.633501270586925,-3.157761956000783,1.398610123098061,-1.420452770568787,1.4908224856040562,-0.9555562229633624,0.42720276863099943,-1.3126105440090097,-1.6756960131974172,0.5509419414468372
-9.794653778730055,-5.6059085211003366,-14.67819793770147,0.8670530570307717,-7.593426746089017,0.4728010455507017,-3.7030491992700747,0.1496794555344031,-0.757735333838625,-0.8482012400127006,3.1036968643613196,-0.7494813987297576,-2.008673092937594,-4.321972094091813,1.4175746273466256,2.0487001814150094,4.340484324342843,-0.6295482519933449,0.07338331050043978,-0.7295389114583055
-8.580123050717233,-3.514862745916393,-14.858203447977038,2.52292554519993,-4.596300444487902,-1.1380837633523924,-3.5837811667137025,3.9622042236510895,-2.544428879727736,-1.6736143005815372,-0.14605166017739732,2.2331455681152494,-4.64411705998218,-1.7793647222654194,-0.8902105663121649,-2.172458408767535,4.161114835583521,1.3574162311920148,-2.422564292707,-4.484189668712103
-8.307432671527385,-3.5266192240096657,-12.655988405659146,3.050498216811407,-3.3412756273999733,-0.8394159262185705,-3.7126156812792974,1.0368820746519427,-4.072924785624049,-0.0889763266076812,2.4691044557178423,-0.04932358728367568,-1.64424479950562,-4.004234961877597,2.932894526416711,-2.8513143924758353,5.729771002951389,-0.4000986499668354,-2.5397498861546564,-5.543118938108606
-8.527285292217218,-1.1083879692813943,-13.402689638567757,2.258948849191987,-2.7036239285611874,-0.771415530056498,-2.8723824784350525,-1.805301070358965,-4.3366997826541835,1.0324214983275442,1.782461531452724,-2.257874481944258,3.8652146056942724,1.7095564592971377,4.032044353797938,-2.3690634499669883,-2.342486017933555,-0.47604682863398023,3.0106990845976007,-1.514999665737648
-5.21139786921905,-2.6113200442018147,-0.35352557586508515,-0.030415681868125443,7.916200203594253,-4.716807357702035,-1.5234503242324198,-10.405254298066312,-5.25647826412106,0.6217253554380959,2.1594218924440414,-1.4875204375537918,4.644406713848644,-3.0060760645976976,-1.4097444639178063,-2.63396392071204,-2.5161336702227355,6.719014805761364,-2.572647185432809,-1.2674770418324055
-5.366126783420736,-2.356473424490882,-1.2956422134222516,-0.8766831769588627,8.304059489233115,-6.027337574953615,-0.745937853011294,-10.539084910757355,-5.118607985774369,0.5402703885542022,2.1535906100387385,-1.1903546617303757,4.712205107821437,-2.530883393344715,-2.246550541369943,-2.0198809619834255,-2.3174980681592556,6.335141849124098,-1.7348645138712555,-0.6065948719543156
-8.813738003327082,9.839046968700055,-8.543344874534736,2.5965691386980927,11.966713829020058,-2.8584217707441337,1.5618798895350867,-7.20275593044898,-1.747171577327837,3.2643350873769577,3.0490249653441976,-0.9974725568966084,6.265553366044655,-4.543545390890887,0.3084476168363075,-1.1943826524297223,-2.4617652349099335,4.410254968673277,-0.9321645076486514,-2.062299745837411
-15.17758836515863,12.41948711621799,0.3018790774300817,-3.299834791990428,0.5228574912088529,-8.538125156433702,0.28258883981830163,-4.735293573423775,5.069794694225344,7.916864652426434,-4.74911576071501,2.7869323483831843,3.9690574432442434,2.0827648531066116,-3.3764925136024786,-4.779174123701889,0.5103125566518821,-2.1992252492069224,-1.1360418331722877,-2.507030100457076
-16.163203608347605,15.430463179354737,-0.7270826644821741,-2.44976342130696,1.132757563373874,-7.381554375040868,1.0273945716174753,-3.2963804752297023,4.4205858280482655,6.656912463204291,-3.421736135856962,2.4279474959617975,4.327591151613518,1.0917087746395855,-3.6349381680484942,-4.162903785450048,0.6052107848797508,-2.2894622383778223,-1.2046155374141567,-2.910891629272494
-15.385782384283136,13.251229932750897,-0.37736645204985,-2.655321039117228,0.29597695476593433,-8.15613173938354,0.26150482643063216,-4.510796486994327,4.903013545173409,7.813906015806063,-3.6273131476722646,2.2137187323915075,3.476802200475194,1.5290693970628841,-3.480410865760291,-4.332560498392102,0.8142823311664696,-2.3041653402300146,-2.1255985485878837,-3.232760651109309
-3.9759757262304123,-8.762006493308133,3.4561934077007463,-1.698987298865491,7.18912315663374,-3.4426340276848686,-2.255799265968546,-9.167642977019604,-5.027074907087677,-0.18799941022657674,3.7746100450142963,-1.3333795141646156,4.6185276909443385,-2.305475188145641,-4.12058126822813,1.2422088306159373,2.346936209622771,7.40568415671609,0.37772499011194516,3.298039260015863
-5.098092179472594,-6.655645308745104,2.3751027553480433,-1.57098666902334,6.695025051578452,-1.4380753010087002,-1.2786640348646958,-7.72612724669022,-5.506847666087296,0.581651669676292,5.042292499030162,-0.8325172479023062,2.6981175507014807,-3.28493068140217,-5.11389586715157,2.6506599980655774,3.010581279768583,8.287171004149316,2.0338773109949932,4.847405243979482
-3.404986162620783,-10.448651107102332,4.9876699431355815,-2.557329966453834,7.026462705336806,-3.15379045849836,-2.4961087345619344,-9.584395893106327,-5.37724071322519,-0.26248546325335054,3.5598197725290777,-1.006965104030446,5.087762581047583,-2.2659741754623406,-3.596313292493084,0.05699986405748983,2.069841666295678,7.737284204809237,-0.06236977242416202,2.4215997660571937
-13.635661379831966,0.9340460308431973,10.042845827830606,-5.216627394134076,-4.1940264789247355,-7.9576780554686835,-2.4918452334491903,-3.0403214654671933,5.002540129661197,7.391794501934379,-5.370877880577077,3.5366364574796076,4.83637967246062,2.703154400445718,-4.803537917620528,-1.9423542159826983,4.993647395784571,-3.3594706642663494,0.12408765644862005,0.8710609722369578
-18.945198480056057,12.075717392971983,6.747230965973067,-2.8503841212646677,3.740239836320485,-1.0577290242998374,1.246267681346101,5.808581849678999,6.708747719285837,2.2594641256584533,-5.198765154019929,3.867902940459299,14.243142174881212,-2.509675702808888,-3.8096038512887245,-0.42874596556433114,8.018681722166244,-4.789526105219374,4.817570151038505,2.0547261185875914
-13.859323772324306,-0.3375775535780301,11.213525399008548,-6.293429366648888,-4.822888810811259,-7.649583754532807,-2.524197028116923,-2.554852989261668,5.0095156804353795,7.067144452618711,-5.543332986878613,3.624377736586885,4.665732459986105,3.183952452179945,-5.449939045195737,-2.290417513008926,6.04325668099627,-3.418207674999303,0.5182712238727811,1.5142226908174932
-6.775429647349606,2.8427735781838943,-5.366375493736642,0.8729427409018856,9.15396905468671,-4.86089030087135,-0.1371269114074234,-9.587884664630936,-3.3702682390396554,2.483520560632464,2.635322435274172,-0.5629951816647619,3.5233982230866054,-3.083695948569501,-1.6986296136385364,-0.0027648407457676587,-3.4076851851816494,5.955056201056381,-1.618996580372398,-0.6940674306731163
-9.077927880633471,1.2884501286724315,-4.487104414280531,2.693906458588184,7.7242192592354675,-4.583597466869094,-0.9492510542087229,-10.832006112292184,7.579590834270495,-1.1739354103953534,0.4297623860030267,-2.904901394287987,-3.5299371100990538,0.5315606017998168,-1.648499620269545,1.3316222171248355,0.4288641598516127,-0.2512560343501984,-6.370601827015582,-0.5547467164773063
12.52604867260557,11.162811416259677,-6.675567278276492,-1.025865807027678,2.22456697468299,3.6307617761515716,0.7487043821070525,4.296703724160072,2.308291215452686,-7.716254471961019,-2.870419615770844,-1.8486861754141148,-3.917202224581621,4.344273952084497,-3.4549569596522334,-1.7456091289482807,-0.8395512183759355,4.432418032223881,-4.92218913764991,0.04491581359192279
14.923017518923531,4.362021342679778,-2.215120730152057,5.2524650086416935,-0.2890516079073625,-1.804861181605393,0.6687197353922242,-3.645170787259952,9.528966150341011,-2.6737031805929603,-2.0474014631825908,-3.929850475269633,-6.523226446200338,-1.6070097592681698,-4.524525636962824,-2.626887173300217,0.24812949318303995,1.8330447541663792,2.4190049472500648,-2.4338822577850645
-15.502300192551438,11.88759273227439,-1.4767971238553528,-2.6843666932266443,-0.9014068938169434,-7.529570651735249,0.027885209803725046,-2.10819500256617,11.34947633494215,4.984178413209529,-6.025892737668596,1.5817449062713305,-3.80526524199299,3.39073790433576,-4.800281604345507,1.1805568599072673,2.6032731165227214,2.491261679281261,-2.5589572023520337,1.9403494555290457
-14.105060007790453,1.8805486531792401,18.601600627290424,-8.840616175296201,-10.960759437598847,-0.7522979264847823,-4.28238364053841,0.0862153220571852,0.7853887527298529,-3.3231969297262767,-2.5816848334312947,-0.959028898938374,2.1152486535039716,5.668940173823064,7.287456093115128,3.2945392263957447,5.11755700468744,5.269496876789963,-2.493984209233453,1.024965597987207
-16.263365220938958,9.504591516815164,10.708463681416724,-6.769250898291911,-7.527466843586256,-2.4435865460075714,-3.0088651896142937,-3.2597446827286394,4.7103173587860825,-0.4130764145300043,-1.506201452899858,-2.0927652752465002,0.38080479913692705,3.073396015199737,6.493687693537011,1.8127148476557982,3.080547902708175,3.3585291433381017,-2.165773333219805,-0.6325964577154092
-14.68822210210029,1.1737988743434473,16.42377968540552,-7.789803749854469,-8.57622550088848,-2.8474092724482256,-3.2768732009402233,-2.1227664970197,2.623602346826392,-1.5219954460470213,-1.5449581548503497,-1.8768459700344557,1.1156273167996915,4.4695216656061145,6.268046617890249,1.884770847945005,5.020325873001582,3.684806116748066,-2.1832905602532864,0.9019431611278453
-18.823851186683914,18.067993364564924,9.033417393607346,-4.581332028694178,-6.2361095413790615,0.8919695706207924,-1.1081712710154665,1.0100196399936046,-4.771285039476823,-0.8068691267037501,2.5374804200610437,-1.9395400310571123,-1.6589292633072779,-3.6968965017622946,4.603330852015479,-0.1977921278680346,-2.955335802841087,1.2679472141989827,0.4655669896695846,-2.291791029459283
-20.34647499116961,14.023508261321018,14.949342246998853,-7.072335362249506,-8.631437487279017,1.1923848908025636,-0.38324286621310527,3.8769316138389316,-4.322795575847367,-5.183971352022105,2.202816883903416,-1.9495942630565455,-0.3429464394256438,-0.6398142052298073,4.227615754115465,0.48947118271206647,-1.3054509833654542,2.627458858319845,0.7815379457483371,-0.5429780811882637
-0.5194077364034358,28.26185645731702,-15.616111923619345,2.1207267335140685,10.886253203833204,2.4790584952291828,5.700039009818491,-2.042244462769674,3.2130103292447316,0.7816521789224207,5.047730183334959,-4.344590882582601,-1.3255899968996343,0.103140395335867,5.0296896009461864,-3.9085633306420275,-1.4400032807342618,-2.0889194497412396,-1.3829752000377447,-0.8469982793961536
-1.5769867377923044,28.281331307019407,-16.659964708669015,3.5459260526177485,11.943200656007251,3.3861739547712375,5.593927297346708,-0.5081244079392768,4.908447721245904,2.5283372191770828,4.095203407252989,-3.4205479787311543,-0.2089722156260868,-1.3301517233825828,4.574531126289646,-1.4380591114223278,0.1974937152733354,-1.504329654160059,0.9884189476408171,1.0231250594995605
-19.54571164008887,31.315055860548718,-13.843543065362176,3.4371061184756306,8.57283617732647,-0.06847820944990134,6.567475802344845,2.716588162750921,9.679452406396413,-1.864383047486573,0.06577358336388436,0.59650633301457,-7.694459710470474,8.432882703750591,-1.7648214727560447,-0.06179292905672439,4.641734280662345,4.289134380738613,2.348746726980425,4.146677593923645
-21.47329299418114,32.48269804403466,-10.603350694735136,0.9612335372463156,7.463978381826358,3.2981836365968835,6.521927561526348,4.473361048052668,6.92955403602604,-4.737653400355298,1.4980965647488995,0.7140351239711964,-6.553776399619666,7.659015324778079,-1.278680312300436,-3.13903226152585,3.4660495796158357,6.0916207958969,2.8103308536813767,1.5475662155371064
-16.018477397151457,29.337890989221336,-13.588987310003123,7.546159886287679,14.660751446943383,3.944840427735338,3.0243677610376625,-4.3659202392648835,1.391763266384351,-0.009516411891210807,5.584806889962305,-1.315183961881729,-2.0456606957126944,-1.238875061965658,5.111990476466329,-0.8561345531388559,-0.07144442837401047,-2.3441877129874813,2.4527951807005564,1.507340365479732
-14.791453055408175,24.43248248408377,-9.080629922381016,6.522493552031075,12.396680065228109,2.9631549905379075,0.7995502288108487,-6.7435197273116,-0.7976303620238914,-2.3917592053115753,5.772919931822793,-2.4369765085253836,-2.361315804203951,-0.4912960504282005,4.977392172904038,-2.408557179512552,-1.2466065417341907,-2.563720320524651,0.4768117184938996,-0.24162151929559872
-6.879717949867165,-6.495852631999651,-5.02752399895779,-1.6390152242198097,4.852697538473662,-8.59149592311089,10.155190758770454,-1.8205790039319338,0.988335895256562,-4.594357947077642,-1.1611965164235436,-2.8096458493960226,2.0134653896183723,1.3173219597553014,-0.4704657159303925,6.76863022284095,-0.06074761405371419,-2.5511171257835765,-1.6384127690099743,-5.79945731789518
-1.7477113044080976,-8.36137918105599,0.3645884881743993,-3.238515240714076,3.9521990291367395,-8.918510420908053,10.327632741232541,1.5615105919685737,-2.965852050147239,-3.8532339882183777,-3.6729908185657596,0.4603544426978703,-3.9190980220280087,-1.0969664944060007,4.573592085963511,0.7100726514174133,2.3801949220716545,1.150437361202921,4.868438596976477,2.957307507801488
-5.505249483042128,-11.078035625047372,-2.8699394507411147,-3.986606550189352,1.8300954301942403,-8.729961746710075,8.964693051987993,-2.9841068824295034,-0.46805733898126567,-5.956923197022896,-2.4874032186013166,-3.8947622349834017,2.074308298910584,3.6567919479250195,-0.8943367903649502,7.0592245754464935,0.2710296118519918,-1.9366411278129843,-0.015549499502275937,-4.824606375836812
-6.184320623037442,-5.26015163216982,-8.013852646547043,-1.1617289988749113,3.8553270658531806,-7.805243152278712,8.551940148535143,-2.2562896185221053,-0.042336001733574234,0.4630113196252259,-1.8323178470937782,-0.6339406986444682,-0.8473514270956055,0.5053157757876048,-1.6200959991569501,6.1393667037674335,-2.653587911081585,-1.418189770246788,1.2982051620502901,-3.4131220671971003
-6.560187176514951,-8.856596677150087,-4.063143447357148,-4.733637179119934,2.9251775003174694,-9.468265300604434,10.882247209410744,-1.658559358157403,0.1289386151211875,-4.9784532906421015,-1.7214875028638235,-2.6208087858101976,3.0361827391084346,1.9749478185180263,-1.1968006050078388,9.164370827330929,0.7896157836636719,-1.2520968864078617,1.012469608746236,-3.9364708614720767
-3.5396062688215477,-10.330022275074969,-2.3476120077139013,-1.0134122023248897,3.9064589306338475,-7.129541447739242,8.784378355844959,2.13287103397838,-2.456979634963492,-4.30743722925461,-4.9275957501026,1.3551630842733722,0.5817225132715199,-0.6153222262982877,1.6559534149904669,4.871783918198483,-0.21211623708001243,-1.2595866774956526,3.5570516218335486,-3.4414131636071934
-6.888535474367262,-5.4172109602385365,-4.993407787390968,-1.835557861203108,1.189820572721638,-4.427784056016914,6.7577707181668485,-1.6564783600818493,1.0124029633884728,-6.704976889112835,-2.302128645800319,-0.45288247386261343,0.32379436317269095,1.5278363378084987,-0.30780855686403147,8.774825023143132,-2.224200380493361,-1.2279458096381803,0.6651781532229892,-4.441617119834269
-6.640055454851013,-4.802107706083096,-6.990534920014789,-2.9364351470167946,5.4438825978430305,-9.299176041218574,9.254447524367224,-1.7698147424752972,-0.39716753002109995,-3.909055095560117,-2.3843983633437227,-1.4173064169926832,1.1869765890572674,2.1185104679357165,-0.7068631963347516,7.577137340191225,-0.8501940615776858,-1.8923206188188917,1.2522111891140795,-4.92723371882031
-1.4096953843111792,-11.724021932444048,2.3469281744644577,-0.8622705282583606,4.804479116284173,-12.1172044112158,11.325211215536196,1.5024023401251272,-4.1681241480557,-2.3386182665934565,-3.7086726592894794,-0.7277651900993696,-2.6875189850346475,-2.006360889169088,2.0656154242593012,-3.8315055863905827,1.2327295063732222,-2.388271890781306,0.34078103251822517,3.0867343074381943
-2.810312736410772,-8.652821276064456,2.3412751336766995,0.1523809498256624,5.082730304837271,-10.228971275416821,12.173735529059428,4.531399051123252,-5.769359249971347,-6.229614814661586,-6.662760205247681,0.7196919267637175,-4.60511585248712,-2.945640117928502,-0.4931848001755349,-3.904344596298601,0.31999508777031804,-0.922748510743885,2.3254931588104544,3.3125477515492063
-3.0610513948360567,-3.306962884952421,-4.0835909606245755,1.1166035982478528,6.750920528959432,-10.655107720510957,9.760025853996462,-0.1120175292874125,-3.6089263796431292,-0.2690021459675469,-3.265579792877861,-1.037086870507659,-3.885573006508674,-3.3065704045349795,1.8860690521742038,-4.360911854293622,0.3438129534448752,-1.348601713153499,-0.26769247748077274,2.6644880250756957
1.1101626812234306,-12.922433256343421,3.622875664672695,0.31097209040230545,4.514457341980306,-12.729272770946176,11.527115859269127,1.293927234110958,-5.328834583982548,-2.7561142955218543,-5.802605941897592,-1.2778537736914952,-4.433322694249251,-2.3897819704942993,3.346484533732977,-5.620326492308534,2.4278171279742002,-0.40903683324180473,0.4683646084581672,3.7639982578594062
-1.1243302753589652,-9.58034398865791,1.7358909363531676,-0.8180373711305955,5.483748320294508,-13.2326337293209,10.300903812996541,1.35811716651508,-3.9972471842906034,-1.6416504870898627,-3.74228070721727,-1.2658946134194706,-3.294035064126857,-1.7130479353990042,2.0687915439918885,-4.491519242626672,1.9803879991759166,0.5216044136539458,-1.0086523225644883,3.0184711592021563
-5.2869951809119335,-10.94037804927128,1.3203234699281656,0.2963387702679781,3.045687736580929,-9.846513699103694,9.608263067610908,2.89231163495826,-0.4242320730954001,-2.1270505566936015,-1.92251589330414,-2.608770016504471,-2.2563114295096605,-0.13072770424659688,0.5052487953063844,-2.7933909946239104,-0.658881818945227,-2.080169094505613,-3.153461885516868,2.0415551975928588
-3.8433775110439954,-11.707475868739172,1.4372105004087274,-0.530297634111522,4.866584514069887,-12.252559057934592,10.890280321305303,1.0786703346398072,-1.8076783422825402,-3.0319129399077966,-3.339694855056944,-2.6770867966120595,-1.184552708415056,-1.8912372806493363,0.8001081751941628,-2.9407158569001712,1.0555209018016163,-1.815533673424519,-2.293971110730028,2.066054518032804
-20.987251801953803,14.445947511646578,13.628003833421047,-4.875070190505152,-8.017031275516796,-1.9170543717086483,-0.942201145157075,3.2719683486901494,-2.9546403417127745,1.0398199836516167,1.2386404616798454,-0.6094927387839305,-0.5532509340333619,-3.6147496839274074,-2.8205110529365536,-2.1552807056537278,-4.373345924921355,-2.866594029040792,-0.8713340744339279,-0.9448429038097796
-19.855547991137403,14.403848934157052,13.872794221185229,-5.365306436522777,-8.389703630789633,-1.665771933556685,-1.8986261201685115,1.6965580655168417,-0.9310885169449182,-0.03207038235055475,-0.19309245959952137,0.1885141853416193,-1.8470401898132258,-0.4801457495908746,-0.2048599877973416,0.6223290490252618,-2.844238188683354,0.40527146698622374,-0.8656913509138097,-1.6305935540280567
-20.160860479981494,15.401436630759276,11.344572337425221,-4.89590872552764,-8.169712476342706,-2.6136196780125167,1.7726636756510739,4.552022755312611,-4.414662696485179,2.143451873259436,1.9932249295866797,0.16498228191145703,-3.645834881223668,-5.923258671634772,-5.7079309704074195,3.3492054202053776,-6.040152696917231,0.5290253925587018,0.8495080272365746,0.6990782548751868
-19.11779212170303,8.98758867924095,19.416164836723397,-7.76988023261866,-10.21608246172799,-2.768402561819192,-2.454522919429228,2.072248558044448,-2.4816000161355984,-0.8696978848422847,0.5463221912926317,-1.7016677175444332,0.8142944402381578,-0.20087550137848306,2.0842959237962426,-0.17260480178069726,-1.3625988272653324,-0.3424375012792117,-1.0672277696690655,-1.242478006448738
-20.987251801953803,14.445947511646578,13.628003833421047,-4.875070190505152,-8.017031275516796,-1.9170543717086483,-0.942201145157075,3.2719683486901494,-2.9546403417127745,1.0398199836516167,1.2386404616798454,-0.6094927387839305,-0.5532509340333619,-3.6147496839274074,-2.8205110529365536,-2.1552807056537278,-4.373345924921355,-2.866594029040792,-0.8713340744339279,-0.9448429038097796
-20.160860479981494,15.401436630759276,11.344572337425221,-4.89590872552764,-8.169712476342706,-2.6136196780125167,1.7726636756510739,4.552022755312611,-4.414662696485179,2.143451873259436,1.9932249295866797,0.16498228191145703,-3.645834881223668,-5.923258671634772,-5.7079309704074195,3.3492054202053776,-6.040152696917231,0.5290253925587018,0.8495080272365746,0.6990782548751868
-19.11779212170303,8.98758867924095,19.416164836723397,-7.76988023261866,-10.21608246172799,-2.768402561819192,-2.454522919429228,2.072248558044448,-2.4816000161355984,-0.8696978848422847,0.5463221912926317,-1.7016677175444332,0.8142944402381578,-0.20087550137848306,2.0842959237962426,-0.17260480178069726,-1.3625988272653324,-0.3424375012792117,-1.0672277696690655,-1.242478006448738
-19.855547991137403,14.403848934157052,13.872794221185229,-5.365306436522777,-8.389703630789633,-1.665771933556685,-1.8986261201685115,1.6965580655168417,-0.9310885169449182,-0.03207038235055475,-0.19309245959952137,0.1885141853416193,-1.8470401898132258,-0.4801457495908746,-0.2048599877973416,0.6223290490252618,-2.844238188683354,0.40527146698622374,-0.8656913509138097,-1.6305935540280567
-18.554613313350508,12.768880489584975,13.831387796040396,-6.599671947971686,-6.843944034629514,-4.257475993067705,-1.0391191875219592,0.08069751111446113,-1.1144090822233959,0.35415035212167323,-0.42070193316474597,-0.7502172818591123,-1.1315415142024172,-0.6034961465884924,1.4389100608658136,1.191390938012343,0.8546282422699494,0.14021694557838807,1.8475325321329548,2.5803170053833036
-19.112343897227323,11.983557730012722,15.900369288164535,-7.394088779304478,-8.72145633000673,-1.6709238447456272,-2.5152856825500396,0.296272679735146,0.2030502797161778,-1.1711986589497145,-0.7945951245118449,-0.4636238865758323,-0.750356149511052,0.4950105850536763,2.8543264601068543,0.926708930798495,-0.08918913181868614,1.1284633728865106,0.9208722104516602,-0.18195201974425904
-19.766854504693054,18.298012811087997,11.483493303647744,-4.8028902299896385,-6.826536436448154,-2.38741424739318,-2.896131418432842,-1.4399431556976163,-1.122334137351925,-0.5063319121537859,-0.65660371316786,-0.37761612106322867,-2.733607636199559,-1.5830846076811569,4.099107708539863,0.14987707435608494,0.4427203232369107,-0.2670616978662065,0.3941685121224338,-0.9800599050686896
-20.71051492456436,14.950312936764178,15.733715421479404,-8.37635070347511,-8.506613201889534,-0.5018399671633198,-2.1130028081971366,1.0883117659084083,-2.885893253333296,-0.882175135623961,0.3127274746252596,-0.6963835606386588,-0.4402407393563922,-1.1543194811324313,1.0877378784742044,0.820188835717498,1.0238260284136875,0.9552257167263468,3.9912880895603715,2.0013219691448096
4.292308213986621,-5.6641816196963415,5.766167598793648,0.6773275580949765,-1.161567425889509,-4.070016817453303,7.300293222863755,2.0857382479656854,9.840579577377316,-2.890602713888268,12.008021119904228,9.077308561130828,-0.7609841491745721,-0.23089666418292892,-0.9500470343939716,1.1470824884967379,-5.126513642020742,0.5687799545237769,0.41919949514128996,0.6945108649054594
12.271652876443312,-7.283463663464011,6.89276870742955,-2.383961594886461,-2.2919850577420364,-4.752900504383147,5.434374952334332,-0.04936803954612444,6.784880806466412,-1.2298059521099398,12.511776468629344,12.130116705475057,-0.9476050817661444,-0.387683060458673,0.49140854372849324,0.28999916305299417,-0.9275228303129488,1.3596840671335393,3.306304213650098,-0.5451578996447118
13.904292446353384,-14.132352452362396,11.58381859884727,-1.7740483311300377,-3.0841519796998864,-6.633107419444623,5.358321465418419,-0.19401083782627881,7.84011425443898,-3.0327397793406186,11.660875036967449,12.092721536114675,-1.1067534532431016,1.2776102362936028,3.211357220003382,-2.1485246784127323,-0.23615959114197374,0.624497262611561,1.3015462926892447,-0.7225116938613545
10.856188313140983,-11.83466568551951,9.579212867603804,-2.1570615266061477,-1.3959865058336007,-5.780008303806458,5.89305815173768,0.9521402994289418,6.583933102950152,-2.953916399175681,12.001752300559277,10.457755155432809,1.425059044969441,1.7428533922248537,1.4306530884966921,-3.4334409603607656,-1.3203366911961583,0.6825244540250031,-0.17486627654263798,-2.3892783971783773
8.648481191209992,-8.497149924458338,5.626335054127465,-0.772855391370599,-0.18599157920133497,-6.640052547675702,5.700177294039443,0.742957703105143,7.495483046138247,-0.004020514705926058,10.36770764995077,10.805833531513153,-1.4654208217289193,-0.2744263366820017,0.3337422587686586,-1.7232202828555356,-2.1908638254238566,0.308808461238607,0.15458363651582194,-1.9587842290751933
21.26163392953964,-0.07710815243507474,1.793425951443229,-11.66632409048219,-0.32988901087195266,2.4532404407918715,-0.5407922317424976,0.4990542113657533,2.685904963815547,-2.370279384289612,1.7281069399277569,1.0535567726381871,0.6034856725335155,-2.171621464760795,0.4854841112955088,0.6478274099146241,1.377730717683754,0.07285989337244227,-0.33361924350741884,1.2866782778285513
21.23683974698883,-7.402102063855985,7.157802127088931,-5.831585291844361,-1.73025140547489,-1.7557064578263963,-1.4519893401567372,1.5533917436494562,-0.6354174856832989,-1.8395000323143365,1.544112817979144,4.839577258945653,1.1348598166171435,0.5425741482297685,1.0626845290394755,-2.2595889236984306,1.8410014875558187,1.2522061333096917,-3.527063066208542,-1.4940466200206983
25.84633068871476,-4.261412600000037,6.528044628701523,-13.329187144620098,-3.114588733266788,4.539357622161376,-2.1208597795136863,-0.8944861770976805,3.614277799007614,-3.4182145551940986,2.2581054350748655,-3.114948141524805,0.14041435662159463,-1.9970132253234096,2.7068443713905888,0.9877996738029332,2.1516326718866954,-0.2585023097664438,-0.11743667435660196,1.9100332859362688
-5.042682498972585,-21.15614140099294,4.6951598366425475,-1.9537065408104661,-9.088561469377298,18.369894350770764,13.896314943132387,-10.979173961351021,5.527525688018561,10.804696752339519,-9.673440307917478,3.0607324994381915,-3.9524182278125393,-1.598320177131058,6.695801441762827,0.4987177251169543,-3.041779463329073,0.9592887952491153,-0.9355220321271741,0.10600300338076278
-4.7940583862788335,-15.650026788262183,0.9891213313018842,-1.495980927775212,-5.736026017226804,16.852512877554528,12.821517958467611,-9.63357257106888,6.684922054338115,14.419911392774564,-11.558781296180179,5.600810763311303,-3.8955921958538804,-5.771794979437957,6.67506032010735,0.6446955933917038,-5.14072047190317,3.089662067832314,2.1211710780880484,-0.6922642865728994
-9.806207071645979,-10.655177647600413,-0.9533681568066532,-2.9979079851631742,-6.253452980735468,15.675225800701337,15.624155431104025,-8.532973658994205,1.8957483024953035,4.702088913713163,-2.998125829951226,-0.12021209887429762,2.547374982976615,2.467240263562054,-0.2761877456672302,-0.27473580678024917,-0.7289119523060885,-1.3391405177698767,-1.6370644702705306,0.3581104636602083
-13.100028726925592,-6.457105288369329,2.5677990128218258,-3.722324273684648,-8.510032399923373,23.844323477589764,18.84018104839064,-3.7793657643161813,-5.275552845158424,-3.439256156389681,0.9679139756218333,1.2188887397356,0.7852349295931935,1.7220356021826448,-4.618224227378281,-1.9843203288977938,3.7805331949172936,-0.3984459193216223,-1.0338133697825511,0.20963128424010888
-14.688338228183909,0.019193488053300328,1.3159658902097666,-4.612074487414555,-6.8296616142590105,23.00620983206193,19.771561521649286,-4.21161508074431,-8.338429222464706,-2.7402975697296648,6.148446552065504,-0.06864143805631771,1.6971854401094304,-0.027702117529712845,-4.2740912099310435,-2.2786886609343893,3.0905621418017226,-2.6814102347493565,1.0527250125252714,-1.8131815840946375
-16.674530837880152,0.25066882736174706,1.0103510643372156,-3.8181882659195834,-7.8569092581948725,24.971491576680524,19.49374850563207,-3.166977283766827,-5.809694655671324,-6.761923715176784,6.441005849909046,-2.889952239817091,1.8440068816453279,4.4940410937596775,-5.343527490589778,-2.46487054598838,4.258432117198748,-1.3561921050716255,-2.771819354020107,0.5886024713151263
